{
  "fences": {
    "circles": [
      {
        "circle": {
          "center": [-22.9596711135827, -67.78697717705957],
          "radius": 500
        },
        "inclusion": true,
        "version": 1
      }
    ],
    "polygons": [
      {
        "inclusion": false,
        "polygon": [
          [-22.959208146698206, -67.78887094583894],
          [-22.959131070656493, -67.78802442931368],
          [-22.95949565956895, -67.78766785666406],
          [-22.960109901531464, -67.78759473901333],
          [-22.96121355810221, -67.78748547366196],
          [-22.96113996656165, -67.78794477716798],
          [-22.960842106407032, -67.78810938308239],
          [-22.96077683822019, -67.78854812796042],
          [-22.959948519903556, -67.7888528065094]
        ],
        "version": 1
      },
      {
        "inclusion": false,
        "polygon": [
          [-22.9583025830795, -67.78801004834591],
          [-22.958106104987642, -67.78768043693051],
          [-22.95811817655592, -67.78717237853111],
          [-22.958663773124513, -67.78722396505977],
          [-22.958811953386167, -67.78814798663534],
          [-22.958477885829698, -67.78813649164941]
        ],
        "version": 1
      }
    ],
    "version": 2
  },
  "safety_waypoints": {
    "south": [
        [-22.960249, -67.786899, 20],
        [-22.961217, -67.786888, 100]
    ],
    "west": [
        [-22.958996, -67.78703 , 40],
        [-22.959022, -67.788948, 100]
    ],
    "east": [
        [-22.959841, -67.786415, 20]
    ],
    "north": [
        [-22.958996, -67.78703 , 40],
        [-22.9579079, -67.78703 , 40]
    ]
  }
}